old_url,new_url,reason,date,status,redirect_mechanism,test_result
https://churchcrm.io/es/church-management-software.html,https://churchcrm.io/es/church-management-software/,"Non-English church-management-software pages had no explicit url: front matter, so they served only at the legacy uglyURLs .html path while navbar/footer links (relLangURL church-management-software/) and the English version both use the trailing-slash form. Confirmed live: es/church-management-software.html returned 200, es/church-management-software/ returned 404 before this change.",2026-09-02,implemented,hugo aliases (generated redirect page: meta refresh + canonical to new_url),passed (scripts/check-url-normalization.mjs, verified 2026-09-05)
https://churchcrm.io/pt/church-management-software.html,https://churchcrm.io/pt/church-management-software/,"Same root cause as es: missing url: front matter. Confirmed live: .html=200, trailing-slash=404 before this change.",2026-09-02,implemented,hugo aliases (generated redirect page: meta refresh + canonical to new_url),passed (scripts/check-url-normalization.mjs, verified 2026-09-05)
https://churchcrm.io/zh/church-management-software.html,https://churchcrm.io/zh/church-management-software/,"Same root cause as es: missing url: front matter. Confirmed live: .html=200, trailing-slash=404 before this change.",2026-09-02,implemented,hugo aliases (generated redirect page: meta refresh + canonical to new_url),passed (scripts/check-url-normalization.mjs, verified 2026-09-05)
https://churchcrm.io/fr/church-management-software.html,https://churchcrm.io/fr/church-management-software/,"Same root cause as es: missing url: front matter. Confirmed live: .html=200, trailing-slash=404 before this change.",2026-09-02,implemented,hugo aliases (generated redirect page: meta refresh + canonical to new_url),passed (scripts/check-url-normalization.mjs, verified 2026-09-05)
https://churchcrm.io/ru/church-management-software.html,https://churchcrm.io/ru/church-management-software/,"Same root cause as es: missing url: front matter. Confirmed live: .html=200, trailing-slash=404 before this change.",2026-09-02,implemented,hugo aliases (generated redirect page: meta refresh + canonical to new_url),passed (scripts/check-url-normalization.mjs, verified 2026-09-05)
https://churchcrm.io/de/church-management-software.html,https://churchcrm.io/de/church-management-software/,"Same root cause as es: missing url: front matter. Confirmed live: .html=200, trailing-slash=404 before this change.",2026-09-02,implemented,hugo aliases (generated redirect page: meta refresh + canonical to new_url),passed (scripts/check-url-normalization.mjs, verified 2026-09-05)
https://churchcrm.io/ar/church-management-software.html,https://churchcrm.io/ar/church-management-software/,"Same root cause as es: missing url: front matter. Confirmed live: .html=200, trailing-slash=404 before this change.",2026-09-02,implemented,hugo aliases (generated redirect page: meta refresh + canonical to new_url),passed (scripts/check-url-normalization.mjs, verified 2026-09-05)
https://churchcrm.io/index.html,https://churchcrm.io/,"AUDITED, NO REDIRECT ADDED. Both / and /index.html are live, separately-resolvable URLs on GitHub Pages (confirmed via curl: both return HTTP 200 with identical content and matching ETag). This is expected static-hosting behavior (GitHub Pages always serves a directory's index.html both at the directory path and at the literal index.html path) and is not specific to this site or a sign of drift. layouts/partials/head.html already emits <link rel=""canonical""> and og:url stripped of a trailing index.html (see $canonicalURL), and layouts/sitemap.xml already lists only the stripped form in <loc>, so search engines are already pointed at / as the single indexed URL. A Hugo aliases: redirect would only generate a *new* static page at an alias path -- it cannot change how GitHub Pages already serves the pre-existing index.html file, so it is not a usable or necessary tool for this case. Per the issue's explicit instruction not to perform a blanket redirect based on the /index.html observation alone, and per the absence of any evidence of duplicate-content/ranking harm (canonical+sitemap already converge on one URL), no redirect is added for this pair.",2026-09-02,no-redirect-needed (reasoning documented),n/a,verified live via curl (both 200, identical ETag "6a526856-a1b9")
"https://churchcrm.io/tags/<slug>/ for: 7-4-1, gdpr, dsgvo, php, how-to, churchinfo, i18n, french, francophone-africa, bosna-hercegovina, brasil, comunidad, comunidade, lanzamiento, lançamento, localización, localização, 本地化, 华人教会, 自主托管, локализация, توطين, عربي, župni-softver (24 pages)",n/a,"AUDITED, NO REDIRECT ADDED (DELETIONS, NOT MOVES). Issue #65 trimmed 10 blog posts to a max of 3 tags each, per explicit maintainer-authored recommendations in the issue thread. These ~24 tag values were dropped entirely (no other post uses them), so Hugo stops generating their auto-built /tags/<slug>/ taxonomy pages. Each was a single-post, auto-generated listing page (not authored content) consisting only of that one post's title/summary/date -- e.g. a release-number tag (7.4.1), a law/regulation acronym (GDPR, DSGVO), a install/how-to fragment already covered by the post's own page, or a locale-specific word replaced by a more discoverable, deliberately-chosen synonym in the same post (e.g. hr's ""hrvatska"" was kept, but ""župni softver""/""bosna-hercegovina"" were not re-added). None were the canonical destination for other content, none carry known backlinks, and each post itself remains fully reachable at its own permalink -- only the narrow single-post tag-listing page disappears. Per seo-audit-methodology.md's Phase 4 framework (fix only with evidence of ranking harm; otherwise leave as-is / no redirect needed) and redirect-strategy.md (a redirect requires a successor URL -- there is none here, this is a removal, not a migration), no alias/redirect was added. Tags that merely changed capitalization (e.g. ""hrvatska""->""Hrvatska"", ""português""->""Português"", ""migration""->""Migration"", ""self-hosted""->""Self-Hosted"", ""open-source""->""Open Source"") were NOT deleted: Hugo lowercases taxonomy slugs, so the existing /tags/<slug>/ page persists unchanged under the same URL. Verified against the actual `hugo --minify` build output (public/tags/) that every page listed here is absent post-change and every case-only-changed page is still present.",2026-09-05,no-redirect-needed (reasoning documented),n/a,verified against built public/tags/ directory (hugo v0.165.0, matching CI)
